ID,Name,League,LeagueId,Overall,Attack,Midfield,Defence,TransferBudget,DomesticPrestige,IntPrestige,Players,StartingAverageAge,AllTeamAverageAge
1943,AFCBournemouth,EnglishPremierLeague1,13,74,75,73,73,0,2,1,28,25.8,25.5
116418,AFCRichmond,EnglishPremierLeague1,13,78,81,79,77,0,5,3,19,27.3,27.3
1,Arsenal,EnglishPremierLeague1,13,80,83,81,79,0,7,7,29,24.1,23.0
2,AstonVilla,EnglishPremierLeague1,13,79,79,78,80,0,5,3,32,25.8,25.2
1925,Brentford,EnglishPremierLeague1,13,75,75,74,75,0,1,1,30,25.4,24.2
1808,BrightonHoveAlbion,EnglishPremierLeague1,13,76,76,75,77,0,3,2,31,27.6,23.6
5,Chelsea,EnglishPremierLeague1,13,84,84,86,84,0,9,8,31,28.1,24.8
1799,CrystalPalace,EnglishPremierLeague1,13,76,77,75,76,0,4,2,29,26.6,25.2
7,Everton,EnglishPremierLeague1,13,78,80,77,75,0,4,4,31,24.7,26.5
144,Fulham,EnglishPremierLeague1,13,76,78,76,74,0,2,1,28,27.6,26.0
8,LeedsUnited,EnglishPremierLeague1,13,76,78,76,76,0,3,2,28,24.2,24.3
95,LeicesterCity,EnglishPremierLeague1,13,79,81,80,78,0,6,6,32,26.7,25.7
9,Liverpool,EnglishPremierLeague1,13,85,84,82,87,0,9,9,30,26.9,25.7
10,ManchesterCity,EnglishPremierLeague1,13,85,86,86,86,0,10,10,27,27.2,25.4
11,ManchesterUnited,EnglishPremierLeague1,13,82,85,83,80,0,8,8,33,25.4,25.2
13,NewcastleUnited,EnglishPremierLeague1,13,78,78,76,79,0,5,3,33,26.6,25.9
14,NottinghamForest,EnglishPremierLeague1,13,76,75,76,74,0,1,1,33,24.7,25.9
17,Southampton,EnglishPremierLeague1,13,75,76,74,75,0,4,3,27,23.6,23.8
18,TottenhamHotspur,EnglishPremierLeague1,13,81,84,81,79,0,8,7,29,26.4,25.0
19,WestHamUnited,EnglishPremierLeague1,13,80,79,80,78,0,6,5,29,28.1,26.0
110,WolverhamptonWanderers,EnglishPremierLeague1,13,79,79,81,77,0,5,4,33,25.9,23.6
614,ACAjaccio,FrenchLigue11,16,70,71,70,70,0,1,1,28,29.1,28.1
57,AJAuxerre,FrenchLigue11,16,71,73,71,68,0,1,1,30,28.4,26.7
69,ASMonaco,FrenchLigue11,16,77,79,77,77,0,8,6,27,24.4,23.6
1530,AngersSCO,FrenchLigue11,16,72,73,72,71,0,3,1,31,25.8,24.5
1815,ClermontFoot63,FrenchLigue11,16,70,69,70,69,0,2,1,27,27.7,25.5
294,ESTACTroyes,FrenchLigue11,16,72,73,73,69,0,2,1,31,25.8,24.3
217,FCLorient,FrenchLigue11,16,71,68,72,70,0,2,1,27,25.4,23.6
71,FCNantes,FrenchLigue11,16,74,75,75,73,0,5,2,28,26.8,25.2
65,LOSCLille,FrenchLigue11,16,75,77,75,75,0,6,4,23,27.6,25.3
70,MontpellierHraultSC,FrenchLigue11,16,75,74,76,73,0,4,2,28,24.4,24.6
72,OGCNice,FrenchLigue11,16,77,80,76,76,0,6,3,27,27.4,24.9
66,OlympiqueLyonnais,FrenchLigue11,16,78,78,79,76,0,8,6,31,25.6,23.8
219,OlympiquedeMarseille,FrenchLigue11,16,78,79,77,77,0,8,6,33,28.0,23.4
73,ParisSaintGermain,FrenchLigue11,16,85,88,82,83,0,10,9,26,27.2,25.8
76,RCStrasbourgAlsace,FrenchLigue11,16,75,77,75,74,0,5,2,24,28.4,26.5
64,RacingClubdeLens,FrenchLigue11,16,75,74,75,74,0,5,2,25,25.6,25.7
378,StadeBrestois29,FrenchLigue11,16,73,74,74,72,0,3,1,25,27.1,25.0
74,StadeRennaisFC,FrenchLigue11,16,77,77,74,75,0,7,5,26,25.9,23.6
379,StadedeReims,FrenchLigue11,16,72,72,73,72,0,4,1,28,25.1,23.6
1809,ToulouseFootballClub,FrenchLigue11,16,71,71,71,71,0,2,1,26,25.6,23.7
31,1FCKln,German1Bundesliga1,19,74,70,73,75,0,4,3,31,25.4,24.3
1831,1FCUnionBerlin,German1Bundesliga1,19,74,75,73,74,0,3,3,31,27.2,25.7
169,1FSVMainz05,German1Bundesliga1,19,75,74,76,74,0,4,2,28,26.4,24.0
32,Bayer04Leverkusen,German1Bundesliga1,19,80,85,79,80,0,8,6,29,24.8,23.9
22,BorussiaDortmund,German1Bundesliga1,19,81,79,80,82,0,9,7,33,26.4,23.9
23,BorussiaMnchengladbach,German1Bundesliga1,19,77,78,77,76,0,5,5,31,26.4,24.7
1824,EintrachtFrankfurt,German1Bundesliga1,19,77,78,78,76,0,6,6,31,25.4,24.3
100409,FCAugsburg,German1Bundesliga1,19,74,73,74,74,0,4,3,30,26.9,25.5
21,FCBayernMnchen,German1Bundesliga1,19,84,89,85,82,0,10,10,23,26.9,25.8
34,FCSchalke04,German1Bundesliga1,19,73,74,72,73,0,2,4,29,26.3,25.9
166,HerthaBSC,German1Bundesliga1,19,74,73,74,73,0,3,4,33,25.2,24.9
112172,RBLeipzig,German1Bundesliga1,19,81,82,81,80,0,8,7,24,26.0,25.1
38,SVWerderBremen,German1Bundesliga1,19,73,75,71,73,0,2,3,28,27.7,24.2
25,SportClubFreiburg,German1Bundesliga1,19,76,74,76,75,0,4,3,28,26.7,25.2
10029,TSGHoffenheim,German1Bundesliga1,19,76,77,76,76,0,5,4,31,26.4,24.8
36,VfBStuttgart,German1Bundesliga1,19,74,74,72,73,0,3,4,28,24.0,22.5
160,VfLBochum1848,German1Bundesliga1,19,73,73,73,73,0,1,1,29,30.0,27.0
175,VfLWolfsburg,German1Bundesliga1,19,77,77,76,75,0,6,5,29,24.4,24.3
47,ACMilan,ItalianSerieA1,31,81,81,81,81,0,9,7,31,25.3,25.7
111811,ACMonza,ItalianSerieA1,31,75,75,74,74,0,3,2,33,25.4,26.4
39,Atalanta,ItalianSerieA1,31,79,81,79,77,0,7,6,25,27.3,25.7
189,Bologna,ItalianSerieA1,31,75,78,74,73,0,4,2,31,27.8,24.3
1746,Empoli,ItalianSerieA1,31,73,74,73,72,0,2,1,28,25.2,24.4
110374,Fiorentina,ItalianSerieA1,31,77,77,77,77,0,6,5,28,26.2,25.3
206,HellasVerona,ItalianSerieA1,31,75,74,76,74,0,3,1,30,27.3,25.2
44,Inter,ItalianSerieA1,31,83,85,83,83,0,9,7,26,27.7,27.9
45,Juventus,ItalianSerieA1,31,82,84,81,82,0,10,9,30,28.6,25.9
46,Lazio,ItalianSerieA1,31,79,80,80,77,0,7,6,24,28.4,26.7
347,Lecce,ItalianSerieA1,31,71,72,69,73,0,2,1,33,24.8,23.2
48,Napoli,ItalianSerieA1,31,79,79,81,79,0,9,7,25,26.4,25.6
52,Roma,ItalianSerieA1,31,80,81,80,80,0,8,7,29,27.1,25.2
110741,Spezia,ItalianSerieA1,31,72,73,72,72,0,1,1,27,26.0,24.4
54,TorinoFC,ItalianSerieA1,31,74,75,75,73,0,5,4,28,25.4,23.8
1837,UCSampdoria,ItalianSerieA1,31,74,76,72,73,0,4,3,27,28.0,26.9
111974,USSassuoloCalcio,ItalianSerieA1,31,75,73,77,73,0,4,3,31,25.6,24.4
111434,USCremonese,ItalianSerieA1,31,72,73,72,70,0,1,1,31,25.6,24.8
110373,USSalernitana1919,ItalianSerieA1,31,74,75,75,72,0,3,1,32,28.2,25.8
55,UdineseCalcio,ItalianSerieA1,31,75,77,73,74,0,4,3,26,26.4,25.4
448,AthleticClubdeBilbao,SpainPrimeraDivision1,53,79,80,77,78,0,7,5,30,26.3,25.9
240,AtlticodeMadrid,SpainPrimeraDivision1,53,83,82,82,80,0,9,9,33,28.3,25.3
479,CAOsasuna,SpainPrimeraDivision1,53,76,76,76,75,0,5,1,32,28.4,25.8
1968,CdizCF,SpainPrimeraDivision1,53,75,75,75,75,0,4,1,33,30.2,26.7
468,ElcheCF,SpainPrimeraDivision1,53,74,75,74,73,0,2,1,30,29.1,26.6
241,FCBarcelona,SpainPrimeraDivision1,53,84,84,85,82,0,10,10,33,25.8,24.0
1860,GetafeCF,SpainPrimeraDivision1,53,77,76,78,76,0,5,4,28,26.7,26.0
110062,GironaFC,SpainPrimeraDivision1,53,74,76,75,71,0,1,1,32,27.4,24.5
450,RCCeltadeVigo,SpainPrimeraDivision1,53,77,79,77,77,0,6,4,33,27.7,24.2
452,RCDEspanyoldeBarcelona,SpainPrimeraDivision1,53,75,80,76,74,0,5,3,33,27.9,23.9
453,RCDMallorca,SpainPrimeraDivision1,53,74,74,74,74,0,3,1,32,27.8,26.1
480,RayoVallecano,SpainPrimeraDivision1,53,75,76,75,75,0,3,1,29,29.0,27.1
449,RealBetisBalompi,SpainPrimeraDivision1,53,79,81,80,77,0,6,3,32,29.2,27.0
243,RealMadridCF,SpainPrimeraDivision1,53,85,85,85,84,0,10,10,33,28.4,24.6
457,RealSociedad,SpainPrimeraDivision1,53,78,77,79,78,0,7,4,31,25.7,24.1
462,RealValladolidCF,SpainPrimeraDivision1,53,75,74,74,74,0,4,1,32,27.4,25.8
481,SevillaFC,SpainPrimeraDivision1,53,81,81,81,80,0,8,8,30,30.4,27.1
1861,UninDeportivaAlmera,SpainPrimeraDivision1,53,74,74,73,72,0,2,1,31,25.4,24.6
461,ValenciaCF,SpainPrimeraDivision1,53,76,78,74,77,0,7,6,33,24.6,22.9
483,VillarrealCF,SpainPrimeraDivision1,53,80,82,80,80,0,8,7,25,28.7,27.6
111019,ArgentinosJuniors,ArgentinaPrimeraDivisin1,353,70,72,69,71,0,6,5,25,27.6,24.6
110394,ArsenaldeSarand,ArgentinaPrimeraDivisin1,353,67,67,67,67,0,3,3,26,27.6,25.6
111708,AtlticoTucumn,ArgentinaPrimeraDivisin1,353,70,69,70,69,0,4,2,28,27.7,26.6
113044,BarracasCentral,ArgentinaPrimeraDivisin1,353,68,68,68,68,0,1,1,27,27.2,27.6
1877,BocaJuniors,ArgentinaPrimeraDivisin1,353,75,75,74,75,0,10,9,28,28.6,26.9
111707,ClubAtlticoAldosivi,ArgentinaPrimeraDivisin1,353,68,72,68,66,0,1,1,28,27.3,25.7
110404,ClubAtlticoBanfield,ArgentinaPrimeraDivisin1,353,68,69,68,67,0,5,3,28,27.4,25.9
112965,ClubAtlticoCentralCrdoba,ArgentinaPrimeraDivisin1,353,68,67,68,68,0,1,1,28,29.6,27.5
110406,ClubAtlticoColn,ArgentinaPrimeraDivisin1,353,72,74,72,71,0,5,3,28,26.9,26.7
111711,ClubAtlticoHuracn,ArgentinaPrimeraDivisin1,353,69,69,69,68,0,3,2,28,25.0,24.8
110093,ClubAtlticoIndependiente,ArgentinaPrimeraDivisin1,353,72,71,73,71,0,9,7,28,29.2,25.9
110395,ClubAtlticoLans,ArgentinaPrimeraDivisin1,353,71,68,72,69,0,8,5,28,28.6,25.1
112713,ClubAtlticoSarmiento,ArgentinaPrimeraDivisin1,353,68,70,68,66,0,1,1,28,28.4,27.9
112670,ClubAtlticoTalleres,ArgentinaPrimeraDivisin1,353,71,70,69,72,0,6,2,27,26.6,25.2
111715,ClubAtlticoTigre,ArgentinaPrimeraDivisin1,353,69,72,70,68,0,4,3,26,26.3,25.5
111710,DefensayJusticia,ArgentinaPrimeraDivisin1,353,70,69,69,70,0,6,5,28,25.6,24.5
101083,EstudiantesdeLaPlata,ArgentinaPrimeraDivisin1,353,72,74,72,72,0,7,6,27,29.2,27.2
101084,GimnasiayEsgrimaLaPlata,ArgentinaPrimeraDivisin1,353,69,69,68,69,0,2,1,27,26.6,25.1
111706,GodoyCruz,ArgentinaPrimeraDivisin1,353,69,68,69,69,0,2,1,28,25.8,25.1
110396,NewellsOldBoys,ArgentinaPrimeraDivisin1,353,69,69,68,71,0,7,4,28,26.3,24.0
110581,Patronato,ArgentinaPrimeraDivisin1,353,67,68,67,67,0,1,1,28,27.0,25.8
112689,Platense,ArgentinaPrimeraDivisin1,353,69,69,69,69,0,1,1,28,25.6,26.1
101085,RacingClub,ArgentinaPrimeraDivisin1,353,74,72,74,74,0,9,8,28,29.6,27.4
1876,RiverPlate,ArgentinaPrimeraDivisin1,353,76,74,76,75,0,10,9,28,27.7,27.5
110580,RosarioCentral,ArgentinaPrimeraDivisin1,353,70,66,67,71,0,7,4,28,26.7,25.6
1013,SanLorenzodeAlmagro,ArgentinaPrimeraDivisin1,353,69,69,69,67,0,9,7,28,25.3,24.9
111716,UnindeSantaFe,ArgentinaPrimeraDivisin1,353,69,68,68,69,0,3,1,25,25.7,24.0
101088,VlezSarsfield,ArgentinaPrimeraDivisin1,353,73,74,71,73,0,8,6,28,27.2,25.4
111393,AdelaideUnited,AustralianHyundaiALeague1,351,64,62,67,63,0,6,3,24,29.7,24.6
111395,BrisbaneRoar,AustralianHyundaiALeague1,351,62,66,63,62,0,5,4,23,27.6,25.2
111396,CentralCoastMariners,AustralianHyundaiALeague1,351,63,63,62,62,0,1,3,23,23.7,23.4
114604,MacarthurFC,AustralianHyundaiALeague1,351,63,66,62,63,0,2,1,23,27.7,25.7
112224,MelbourneCityFC,AustralianHyundaiALeague1,351,66,75,68,66,0,10,3,24,28.8,24.6
111397,MelbourneVictory,AustralianHyundaiALeague1,351,66,65,68,65,0,8,5,27,28.4,25.7
111398,NewcastleJets,AustralianHyundaiALeague1,351,63,66,64,63,0,3,1,23,26.7,24.4
111399,PerthGlory,AustralianHyundaiALeague1,351,63,65,63,63,0,5,2,28,30.6,26.4
111400,SydneyFC,AustralianHyundaiALeague1,351,65,68,65,65,0,9,5,21,29.9,26.9
111766,WellingtonPhoenix,AustralianHyundaiALeague1,351,65,66,64,63,0,3,1,21,24.4,24.2
112427,WesternSydneyWanderers,AustralianHyundaiALeague1,351,66,65,66,65,0,7,5,27,31.0,25.8
114023,WesternUnitedFC,AustralianHyundaiALeague1,351,66,65,66,68,0,5,2,28,30.6,26.7
781,AustriaLustenau,AustrianFootballBundesliga1,80,63,64,64,61,0,2,1,24,24.1,22.8
191,FCRedBullSalzburg,AustrianFootballBundesliga1,80,72,73,73,72,0,10,6,28,22.8,22.3
256,FKAustriaWien,AustrianFootballBundesliga1,80,67,66,67,68,0,6,5,28,24.6,23.9
252,LASKLinz,AustrianFootballBundesliga1,80,69,68,70,69,0,9,5,27,26.9,26.0
111822,RZPelletsWolfsbergerAC,AustrianFootballBundesliga1,80,66,67,66,65,0,5,4,25,24.9,23.8
15009,SCRheindorfAltach,AustrianFootballBundesliga1,80,64,65,64,64,0,4,2,28,25.3,24.0
1787,SKAustriaKlagenfurt,AustrianFootballBundesliga1,80,65,65,64,65,0,2,2,28,27.1,24.7
254,SKRapidWien,AustrianFootballBundesliga1,80,68,70,68,67,0,8,5,28,25.4,24.5
209,SKSturmGraz,AustrianFootballBundesliga1,80,69,71,69,68,0,7,4,28,25.6,23.7
780,SVRied,AustrianFootballBundesliga1,80,65,66,64,66,0,3,1,27,26.7,24.0
2017,TSVEggerGlasHartberg,AustrianFootballBundesliga1,80,66,68,65,65,0,2,1,28,27.9,26.6
15040,WSGTirol,AustrianFootballBundesliga1,80,64,64,65,63,0,1,1,28,24.8,23.1
231,ClubBruggeKV,BelgianJupilerProLeague1,4,76,75,75,74,0,10,5,28,26.4,24.5
674,KAAGent,BelgianJupilerProLeague1,4,73,72,71,73,0,9,5,28,26.6,25.3
2013,KASEupen,BelgianJupilerProLeague1,4,67,68,67,64,0,2,1,28,24.1,22.9
673,KRCGenk,BelgianJupilerProLeague1,4,72,74,70,71,0,8,5,28,23.9,22.4
1750,KSVCercleBrugge,BelgianJupilerProLeague1,4,68,68,69,66,0,4,2,28,23.2,22.8
100081,KVKortrijk,BelgianJupilerProLeague1,4,69,69,69,68,0,4,2,28,25.6,24.7
110724,KVMechelen,BelgianJupilerProLeague1,4,69,70,70,68,0,5,4,28,25.6,24.4
682,KVOostende,BelgianJupilerProLeague1,4,68,66,68,67,0,2,1,28,23.2,23.2
681,KVCWesterlo,BelgianJupilerProLeague1,4,68,66,69,68,0,3,1,27,24.9,25.4
100087,OudHeverleeLeuven,BelgianJupilerProLeague1,4,69,73,70,68,0,4,1,26,24.8,24.5
229,RSCAnderlecht,BelgianJupilerProLeague1,4,72,70,72,73,0,9,5,28,24.4,22.9
230,RoyalAntwerpFC,BelgianJupilerProLeague1,4,73,72,72,73,0,8,5,28,26.1,25.2
670,RoyalCharleroiSC,BelgianJupilerProLeague1,4,70,70,70,69,0,5,4,26,23.3,23.1
2014,RoyaleUnionSaintGilloise,BelgianJupilerProLeague1,4,70,70,71,70,0,6,1,25,25.6,24.4
15005,SVZulteWaregem,BelgianJupilerProLeague1,4,67,70,65,66,0,5,4,28,24.8,24.1
112695,Seraing,BelgianJupilerProLeague1,4,65,66,63,64,0,1,1,28,24.7,23.7
680,SintTruidenseVV,BelgianJupilerProLeague1,4,68,69,68,67,0,5,3,25,28.1,25.9
232,StandarddeLige,BelgianJupilerProLeague1,4,70,69,69,70,0,8,5,28,25.4,23.8
112001,AmricaFutebolClube,CampeonatoBrasileiroSrieA1,7,70,69,69,71,0,2,2,20,29.6,29.8
112119,AtlticoClubeGoianiense,CampeonatoBrasileiroSrieA1,7,72,71,71,73,0,2,2,20,27.1,26.4
111059,CearSportingClub,CampeonatoBrasileiroSrieA1,7,72,71,72,72,0,2,2,20,29.6,27.6
1039,ClubAthleticoParanaense,CampeonatoBrasileiroSrieA1,7,74,74,72,75,0,5,4,20,27.8,27.2
1035,ClubeAtlticoMineiro,CampeonatoBrasileiroSrieA1,7,75,73,77,76,0,7,7,20,28.6,28.0
115530,Cuiab,CampeonatoBrasileiroSrieA1,7,70,69,70,71,0,1,1,20,27.4,27.0
1043,Flamengo,CampeonatoBrasileiroSrieA1,7,76,77,75,75,0,10,7,20,27.4,28.6
567,Fluminense,CampeonatoBrasileiroSrieA1,7,72,74,73,71,0,9,4,20,27.8,27.6
111052,Fortaleza,CampeonatoBrasileiroSrieA1,7,71,71,71,71,0,2,1,20,26.0,26.0
1048,Internacional,CampeonatoBrasileiroSrieA1,7,74,71,73,75,0,7,6,20,27.1,26.8
383,Palmeiras,CampeonatoBrasileiroSrieA1,7,76,78,77,74,0,8,6,20,28.9,28.6
112472,RBBragantino,CampeonatoBrasileiroSrieA1,7,74,74,74,75,0,1,1,20,27.1,26.8
1053,Santos,CampeonatoBrasileiroSrieA1,7,73,74,72,73,0,7,8,20,28.2,27.8
1041,SportClubCorinthiansPaulista,CampeonatoBrasileiroSrieA1,7,73,74,73,74,0,8,7,20,27.1,27.2
598,SoPaulo,CampeonatoBrasileiroSrieA1,7,73,72,73,73,0,9,6,20,29.3,29.0
112533,CDAntofagasta,ChileanCampeonatoNacional1,335,67,65,66,66,0,2,1,27,28.3,25.9
112584,CDEvertondeViadelMar,ChileanCampeonatoNacional1,335,67,69,65,68,0,4,2,26,28.2,25.6
110980,ColoColo,ChileanCampeonatoNacional1,335,70,70,70,70,0,10,7,29,27.8,23.8
112585,Deportivoublense,ChileanCampeonatoNacional1,335,66,67,68,66,0,6,1,28,28.4,25.8
110975,UniversidadCatlica,ChileanCampeonatoNacional1,335,70,72,70,69,0,9,6,24,29.3,27.3
110977,UninEspaola,ChileanCampeonatoNacional1,335,66,68,64,66,0,6,3,26,27.4,26.0
112535,UninLaCalera,ChileanCampeonatoNacional1,335,66,66,66,67,0,3,1,24,28.3,25.5
111768,BeijingGuoanFC,ChineseSuperLeague1,2012,66,69,66,65,0,8,5,28,29.7,27.5
111769,ChangchunYataiFC,ChineseSuperLeague1,2012,65,72,63,62,0,3,2,28,28.9,28.1
116360,ChengduRongchengFC,ChineseSuperLeague1,2012,63,66,62,63,0,1,1,28,30.1,28.0
112378,DalianProfessionalFootballClub,ChineseSuperLeague1,2012,59,59,57,59,0,5,1,28,29.4,27.1
112429,GuangzhouCity,ChineseSuperLeague1,2012,61,62,61,62,0,4,2,28,30.4,26.2
111839,GuangzhouFC,ChineseSuperLeague1,2012,60,60,60,59,0,4,7,28,23.2,23.0
112978,HebeiFC,ChineseSuperLeague1,2012,55,55,54,56,0,3,1,28,25.0,22.7
111779,HenanSongshanLongmenFC,ChineseSuperLeague1,2012,65,74,66,65,0,4,2,28,30.0,27.1
114628,MeizhouHakka,ChineseSuperLeague1,2012,61,61,59,63,0,1,1,28,29.0,27.4
111724,ShandongTaishan,ChineseSuperLeague1,2012,69,72,69,67,0,9,3,28,30.0,28.6
112540,ShanghaiPortFC,ChineseSuperLeague1,2012,68,65,64,66,0,8,5,28,28.8,27.1
110955,ShanghaiShenhuaFC,ChineseSuperLeague1,2012,65,67,66,62,0,5,3,28,29.6,29.2
111773,ShenzhenFC,ChineseSuperLeague1,2012,64,72,61,62,0,3,1,28,30.3,27.0
112985,ShijiazhuangEverBrightFC,ChineseSuperLeague1,2012,62,67,58,63,0,2,1,28,29.2,27.9
111774,TianjinJinmenTigerFC,ChineseSuperLeague1,2012,61,64,62,60,0,3,2,28,28.6,27.6
112541,WuhanFC,ChineseSuperLeague1,2012,62,66,62,62,0,4,1,28,29.3,26.2
116361,WuhanThreeTowns,ChineseSuperLeague1,2012,67,73,66,66,0,7,1,28,29.2,28.6
112163,ZhejiangProfessionalFC,ChineseSuperLeague1,2012,63,64,65,61,0,4,1,28,28.8,26.3
101099,AmricadeCali,ColombianLigaPostobn1,336,69,69,68,68,0,7,5,25,27.7,26.4
101100,AtlticoNacional,ColombianLigaPostobn1,336,71,72,71,69,0,10,7,28,29.1,24.8
111722,ClubDeportesTolima,ColombianLigaPostobn1,336,70,71,70,69,0,9,4,24,27.7,27.3
101102,DeportivoCali,ColombianLigaPostobn1,336,69,68,70,69,0,8,6,28,28.8,24.2
101103,IndependienteMedelln,ColombianLigaPostobn1,336,69,70,70,68,0,7,5,21,29.8,27.5
101101,JuniorFC,ColombianLigaPostobn1,336,70,70,70,69,0,8,5,24,30.8,29.0
112523,LaEquidad,ColombianLigaPostobn1,336,67,69,68,67,0,4,2,26,27.0,26.7
211,DinamoZagreb,CroatianPrvaHNL1,317,73,73,72,72,0,10,5,28,25.8,25.2
263,HajdukSplit,CroatianPrvaHNL1,317,71,72,70,70,0,9,3,27,26.6,26.0
100135,APOELNicosiaFC,CypriotFirstDivision1,318,69,71,69,67,0,10,3,28,29.3,27.2
267,ACSpartaPraha,CzechRepublicGambrinusLiga1,319,73,75,72,72,0,9,4,28,26.4,25.4
110468,FCViktoriaPlze,CzechRepublicGambrinusLiga1,319,73,73,73,72,0,9,4,26,27.7,27.4
266,SKSlaviaPraha,CzechRepublicGambrinusLiga1,319,74,72,74,72,0,10,6,27,26.4,26.2
1446,ACHorsens,DanishSuperliga1,1,63,64,63,63,0,2,1,22,25.3,24.7
820,AalborgBK,DanishSuperliga1,1,67,67,69,66,0,7,1,21,23.8,23.8
271,AarhusGF,DanishSuperliga1,1,67,68,68,66,0,7,1,24,25.8,24.6
269,BrndbyIF,DanishSuperliga1,1,69,70,69,67,0,7,2,28,26.4,24.4
819,FCKbenhavn,DanishSuperliga1,1,72,75,72,71,0,10,4,28,26.4,24.8
1516,FCMidtjylland,DanishSuperliga1,1,71,68,74,71,0,10,3,26,25.6,24.1
1788,FCNordsjlland,DanishSuperliga1,1,65,63,66,65,0,6,1,28,21.7,20.6
15001,LyngbyBK,DanishSuperliga1,1,63,62,64,63,0,1,1,27,27.8,24.2
272,OdenseBoldklub,DanishSuperliga1,1,65,64,64,65,0,5,1,28,27.2,22.9
1786,RandersFC,DanishSuperliga1,1,67,66,66,66,0,5,1,24,26.9,25.0
270,SilkeborgIF,DanishSuperliga1,1,66,67,66,66,0,3,1,27,25.2,23.9
1443,ViborgFF,DanishSuperliga1,1,65,65,66,65,0,2,1,24,24.1,23.5
115487,9deOctubre,EcuadorianSerieA1,2018,65,66,64,65,0,2,1,18,28.9,26.6
110981,BarcelonaSportingClub,EcuadorianSerieA1,2018,69,60,69,68,0,10,6,24,28.0,25.9
114581,CDUniversidadCatlicadelEcuador,EcuadorianSerieA1,2018,66,69,65,66,0,6,1,26,27.4,25.4
110984,CSEmelec,EcuadorianSerieA1,2018,68,69,69,66,0,8,5,24,27.8,27.6
114580,DelfnSportingClub,EcuadorianSerieA1,2018,65,67,66,64,0,4,2,19,26.6,26.6
112908,IndependientedelValle,EcuadorianSerieA1,2018,70,71,69,70,0,8,5,25,26.1,25.0
110986,LDUQuito,EcuadorianSerieA1,2018,68,69,67,67,0,9,6,21,25.9,25.8
114615,MushucRuna,EcuadorianSerieA1,2018,65,70,65,65,0,2,1,20,26.1,25.8
88,BirminghamCity,EnglishLeagueChampionship2,14,69,68,69,69,0,5,1,30,27.2,24.7
3,BlackburnRovers,EnglishLeagueChampionship2,14,70,69,71,69,0,7,1,30,25.4,22.7
1926,Blackpool,EnglishLeagueChampionship2,14,67,68,66,67,0,2,1,29,23.3,23.8
1919,BristolCity,EnglishLeagueChampionship2,14,69,67,70,69,0,6,1,29,25.3,24.5
1796,Burnley,EnglishLeagueChampionship2,14,73,73,72,72,0,9,1,30,26.1,24.9
1961,CardiffCity,EnglishLeagueChampionship2,14,68,68,70,68,0,7,1,30,26.3,24.2
1800,CoventryCity,EnglishLeagueChampionship2,14,70,70,71,70,0,4,1,30,27.2,24.6
1939,HuddersfieldTown,EnglishLeagueChampionship2,14,68,68,67,68,0,6,1,30,26.9,23.6
1952,HullCity,EnglishLeagueChampionship2,14,70,72,70,69,0,3,1,30,25.4,24.2
1923,LutonTown,EnglishLeagueChampionship2,14,69,69,69,69,0,5,1,28,26.6,26.2
12,Middlesbrough,EnglishLeagueChampionship2,14,71,71,71,72,0,7,1,30,25.4,24.8
97,Millwall,EnglishLeagueChampionship2,14,70,70,70,70,0,4,1,26,27.2,25.6
1792,NorwichCity,EnglishLeagueChampionship2,14,72,75,71,72,0,9,1,30,26.2,24.7
1801,PrestonNorthEnd,EnglishLeagueChampionship2,14,70,68,71,69,0,5,1,27,26.2,24.5
15,QueensParkRangers,EnglishLeagueChampionship2,14,70,71,69,70,0,6,1,30,24.9,24.4
1793,Reading,EnglishLeagueChampionship2,14,70,71,70,68,0,5,1,30,27.4,25.5
1797,RotherhamUnited,EnglishLeagueChampionship2,14,67,66,68,66,0,1,1,25,26.2,25.4
1794,SheffieldUnited,EnglishLeagueChampionship2,14,72,70,73,71,0,8,1,30,26.6,25.1
1806,StokeCity,EnglishLeagueChampionship2,14,70,69,70,69,0,6,1,30,24.6,24.7
106,Sunderland,EnglishLeagueChampionship2,14,68,69,67,67,0,4,2,29,24.8,22.5
1960,SwanseaCity,EnglishLeagueChampionship2,14,69,71,71,67,0,7,1,30,25.2,22.6
1795,Watford,EnglishLeagueChampionship2,14,73,74,71,74,0,9,2,30,25.6,24.9
109,WestBromwichAlbion,EnglishLeagueChampionship2,14,72,73,72,71,0,7,1,30,26.6,25.6
1917,WiganAthletic,EnglishLeagueChampionship2,14,68,67,68,68,0,2,1,30,29.4,26.0
110313,AccringtonStanley,EnglishLeagueOne3,60,62,58,63,62,0,3,1,28,24.8,24.2
1932,Barnsley,EnglishLeagueOne3,60,65,64,63,66,0,9,1,27,23.4,22.6
4,BoltonWanderers,EnglishLeagueOne3,60,65,66,65,64,0,8,1,24,24.4,25.5
1962,BristolRovers,EnglishLeagueOne3,60,64,64,64,61,0,6,1,28,25.6,24.8
15015,BurtonAlbion,EnglishLeagueOne3,60,64,64,63,65,0,4,1,25,25.6,24.7
1944,CambridgeUnited,EnglishLeagueOne3,60,64,64,64,64,0,2,1,25,25.6,24.2
89,CharltonAthletic,EnglishLeagueOne3,60,65,65,66,65,0,7,1,27,24.4,23.9
1936,CheltenhamTown,EnglishLeagueOne3,60,63,64,62,62,0,1,1,27,24.6,23.1
91,DerbyCounty,EnglishLeagueOne3,60,67,68,70,66,0,7,1,26,26.6,25.2
143,ExeterCity,EnglishLeagueOne3,60,63,64,63,63,0,2,1,23,24.1,24.4
112260,FleetwoodTown,EnglishLeagueOne3,60,64,63,65,65,0,5,1,28,25.1,23.5
561,ForestGreenRovers,EnglishLeagueOne3,60,64,63,64,63,0,4,1,28,24.4,23.2
94,IpswichTown,EnglishLeagueOne3,60,67,67,67,67,0,10,1,25,26.1,26.0
149,LincolnCity,EnglishLeagueOne3,60,63,64,62,63,0,6,1,28,23.4,22.5
1798,MiltonKeynesDons,EnglishLeagueOne3,60,65,64,65,65,0,7,1,24,24.7,24.0
357,Morecambe,EnglishLeagueOne3,60,63,65,61,62,0,2,1,24,25.4,25.0
1951,OxfordUnited,EnglishLeagueOne3,60,66,65,66,65,0,7,1,28,26.4,25.1
1938,PeterboroughUnited,EnglishLeagueOne3,60,67,69,67,67,0,9,1,28,23.8,22.7
1929,PlymouthArgyle,EnglishLeagueOne3,60,65,66,64,66,0,7,1,24,24.4,24.1
1928,PortVale,EnglishLeagueOne3,60,63,64,64,63,0,3,1,26,27.6,25.0
1790,Portsmouth,EnglishLeagueOne3,60,66,66,67,67,0,8,1,25,25.7,25.4
1807,SheffieldWednesday,EnglishLeagueOne3,60,67,67,69,67,0,10,1,24,29.2,27.0
127,ShrewsburyTown,EnglishLeagueOne3,60,65,62,66,65,0,4,1,25,26.8,24.4
1933,WycombeWanderers,EnglishLeagueOne3,60,66,67,66,67,0,6,1,28,28.8,25.8
112259,AFCWimbledon,EnglishLeagueTwo4,61,62,63,63,61,0,6,1,28,25.1,22.6
381,Barrow,EnglishLeagueTwo4,61,61,62,61,60,0,1,1,26,26.3,27.0
1804,BradfordCity,EnglishLeagueTwo4,61,63,64,63,62,0,9,1,28,26.1,25.2
1480,CarlisleUnited,EnglishLeagueTwo4,61,61,61,61,61,0,4,1,28,25.6,23.5
1935,ColchesterUnited,EnglishLeagueTwo4,61,62,62,62,61,0,5,1,28,27.7,25.9
110890,CrawleyTown,EnglishLeagueTwo4,61,62,63,63,60,0,6,1,28,25.4,24.0
121,CreweAlexandra,EnglishLeagueTwo4,61,61,61,61,60,0,6,1,27,24.1,22.5
142,DoncasterRovers,EnglishLeagueTwo4,61,63,62,63,61,0,9,1,27,26.9,24.0
1802,Gillingham,EnglishLeagueTwo4,61,62,64,62,60,0,6,1,24,27.6,25.8
92,GrimsbyTown,EnglishLeagueTwo4,61,61,60,61,60,0,3,1,28,26.7,24.0
112222,HarrogateTown,EnglishLeagueTwo4,61,62,62,60,60,0,1,1,28,24.6,24.9
1941,HartlepoolUnited,EnglishLeagueTwo4,61,61,61,62,61,0,3,1,24,26.3,25.4
1958,LeytonOrient,EnglishLeagueTwo4,61,62,61,62,62,0,6,1,26,26.1,23.9
1940,MansfieldTown,EnglishLeagueTwo4,61,63,63,63,61,0,10,1,25,28.4,26.7
112254,NewportCounty,EnglishLeagueTwo4,61,61,62,61,62,0,7,1,27,27.2,24.2
1930,NorthamptonTown,EnglishLeagueTwo4,61,63,63,62,62,0,9,1,23,23.9,23.9
1955,Rochdale,EnglishLeagueTwo4,61,61,60,61,61,0,6,1,26,27.3,24.9
113926,SalfordCity,EnglishLeagueTwo4,61,63,63,63,62,0,9,1,28,24.7,24.0
361,Stevenage,EnglishLeagueTwo4,61,62,62,62,62,0,2,1,23,27.7,26.1
1931,StockportCounty,EnglishLeagueTwo4,61,62,61,62,62,0,6,1,24,25.3,26.0
110799,SuttonUnited,EnglishLeagueTwo4,61,61,62,60,61,0,1,1,25,27.7,26.0
1934,SwindonTown,EnglishLeagueTwo4,61,61,61,60,60,0,8,1,26,24.6,23.3
15048,TranmereRovers,EnglishLeagueTwo4,61,62,63,60,61,0,7,1,28,24.7,24.0
1803,Walsall,EnglishLeagueTwo4,61,62,62,61,61,0,7,1,25,25.0,25.0
1947,WrexhamAFC,EnglishNationalLeague5,62,62,65,63,62,0,8,1,28,27.2,25.4
100325,HJKHelsinki,FinnishVeikkausliiga1,322,65,64,64,65,0,10,1,28,27.2,26.6
1819,ASSainttienne,FrenchLigue22,17,70,69,69,70,0,10,1,30,25.7,23.1
1816,AmiensSC,FrenchLigue22,17,66,67,67,66,0,4,1,25,25.0,23.8
1813,ChamoisNiortaisFootballClub,FrenchLigue22,17,65,62,66,65,0,3,1,27,25.0,22.9
110569,DijonFCO,FrenchLigue22,17,68,70,68,67,0,5,1,30,28.6,25.8
62,EnAvantdeGuingamp,FrenchLigue22,17,67,69,66,66,0,8,1,24,27.4,25.3
115494,FCAnnecy,FrenchLigue22,17,64,67,64,63,0,1,1,28,27.4,25.7
59,FCGirondinsdeBordeaux,FrenchLigue22,17,69,69,69,70,0,7,1,26,23.6,21.7
68,FCMetz,FrenchLigue22,17,70,73,68,71,0,9,1,26,25.7,23.9
226,FCSochauxMontbliard,FrenchLigue22,17,68,68,68,68,0,7,1,29,25.8,24.5
1805,GrenobleFoot38,FrenchLigue22,17,66,64,65,65,0,4,1,30,26.6,26.0
1738,LeHavreAC,FrenchLigue22,17,66,66,64,67,0,6,1,28,24.8,23.3
224,NmesOlympique,FrenchLigue22,17,67,68,69,66,0,4,1,24,25.2,24.2
111817,ParisFC,FrenchLigue22,17,69,70,69,68,0,9,1,28,28.1,26.4
110321,PauFC,FrenchLigue22,17,65,67,65,64,0,2,1,29,27.2,24.8
111659,RodezAveyronFootball,FrenchLigue22,17,65,63,65,64,0,2,1,30,24.6,24.7
58,SCBastia,FrenchLigue22,17,64,64,64,63,0,4,1,26,26.8,26.1
1814,StadeLavalloisMayenneFC,FrenchLigue22,17,65,65,66,65,0,1,1,27,30.9,28.3
210,StadeMalherbeCaen,FrenchLigue22,17,68,67,67,68,0,5,1,29,26.6,24.2
112552,USQuevillyRouenMtropole,FrenchLigue22,17,65,66,64,65,0,1,1,27,27.2,24.7
110456,ValenciennesFC,FrenchLigue22,17,67,68,66,67,0,4,1,27,26.0,24.3
111235,1FCHeidenheim1846,German2Bundesliga2,20,68,69,67,69,0,6,1,28,25.4,24.6
29,1FCKaiserslautern,German2Bundesliga2,20,68,68,67,68,0,2,1,30,29.0,25.9
110588,1FCMagdeburg,German2Bundesliga2,20,67,67,67,67,0,1,1,30,25.1,24.2
171,1FCNrnberg,German2Bundesliga2,20,69,66,68,69,0,8,1,28,26.9,24.3
159,DSCArminiaBielefeld,German2Bundesliga2,20,70,69,70,71,0,8,1,26,25.6,24.5
110500,EintrachtBraunschweig,German2Bundesliga2,20,67,68,68,67,0,1,1,26,27.4,25.6
27,FCHansaRostock,German2Bundesliga2,20,68,69,68,68,0,3,1,30,27.2,26.1
110329,FCStPauli,German2Bundesliga2,20,69,68,68,69,0,7,1,30,25.4,23.6
110636,FortunaDsseldorf,German2Bundesliga2,20,70,70,70,71,0,7,1,28,26.8,24.6
28,HamburgerSV,German2Bundesliga2,20,71,70,72,71,0,10,2,27,25.7,23.3
485,Hannover96,German2Bundesliga2,20,70,63,69,68,0,7,1,28,25.0,24.2
576,HolsteinKiel,German2Bundesliga2,20,68,68,68,68,0,5,1,30,26.4,26.0
1832,KarlsruherSC,German2Bundesliga2,20,69,68,69,68,0,4,1,30,26.7,25.1
10030,SCPaderborn07,German2Bundesliga2,20,69,68,69,66,0,6,1,27,25.0,24.9
543,SSVJahnRegensburg,German2Bundesliga2,20,68,67,68,68,0,3,1,27,26.7,25.5
110502,SVDarmstadt98,German2Bundesliga2,20,70,70,70,70,0,6,1,27,27.4,24.5
110178,SVSandhausen,German2Bundesliga2,20,69,70,68,69,0,3,1,29,27.6,25.7
165,SpVggGreutherFrth,German2Bundesliga2,20,69,68,70,67,0,6,1,30,24.8,23.1
523,1FCSaarbrcken,German3Bundesliga3,2076,65,65,66,64,0,8,1,27,28.8,26.7
110676,BorussiaDortmundII,German3Bundesliga3,2076,63,64,63,64,0,2,1,25,22.8,21.7
506,FCErzgebirgeAue,German3Bundesliga3,2076,65,65,65,64,0,9,1,27,27.8,25.6
111239,FCIngolstadt04,German3Bundesliga3,2076,66,66,65,65,0,10,1,27,25.1,23.9
110592,FSVZwickau,German3Bundesliga3,2076,64,65,63,64,0,3,1,27,28.6,25.7
110482,HallescherFC,German3Bundesliga3,2076,63,62,63,64,0,6,1,26,24.3,23.2
1825,MSVDuisburg,German3Bundesliga3,2076,64,64,63,64,0,6,1,28,26.9,25.1
526,RotWeiEssen,German3Bundesliga3,2076,64,62,65,64,0,4,1,28,26.4,25.2
110691,SCFreiburgII,German3Bundesliga3,2076,61,61,61,63,0,1,1,27,22.7,20.9
503,SGDynamoDresden,German3Bundesliga3,2076,66,66,66,66,0,10,1,28,25.1,24.1
580,SVElversberg,German3Bundesliga3,2076,63,63,62,63,0,2,1,27,27.0,25.7
110597,SVMeppen,German3Bundesliga3,2076,64,64,63,64,0,3,1,28,27.1,26.0
110532,SVWaldhofMannheim07,German3Bundesliga3,2076,66,66,66,66,0,9,1,28,27.7,25.1
492,SVWehenWiesbaden,German3Bundesliga3,2076,64,64,64,64,0,7,1,25,25.4,24.9
110194,SpVggBayreuth,German3Bundesliga3,2076,62,61,62,62,0,1,1,28,26.0,24.9
110501,SportclubVerl,German3Bundesliga3,2076,62,62,63,62,0,2,1,28,24.4,23.3
33,TSV1860Mnchen,German3Bundesliga3,2076,66,66,65,65,0,10,1,28,25.3,24.3
110587,VfBOldenburg,German3Bundesliga3,2076,63,62,63,62,0,1,1,28,26.9,26.4
487,VfLOsnabrck,German3Bundesliga3,2076,65,64,66,64,0,6,1,27,26.7,24.3
110645,ViktoriaKln,German3Bundesliga3,2076,64,64,64,64,0,5,1,28,23.9,24.0
278,AEKAthens,GreekSuperLeague1,63,74,76,73,73,0,9,5,28,30.4,27.0
393,PAOK,GreekSuperLeague1,63,72,73,72,68,0,9,4,28,24.6,25.7
1884,PanathinaikosFC,GreekSuperLeague1,63,73,73,71,72,0,7,4,28,28.8,26.6
1906,AZAlkmaar,HollandEredivisie1,10,73,74,74,72,0,8,3,27,24.6,22.3
245,Ajax,HollandEredivisie1,10,78,80,78,77,0,10,7,28,25.8,24.1
1971,Excelsior,HollandEredivisie1,10,65,65,66,64,0,1,1,25,24.1,22.8
100628,FCEmmen,HollandEredivisie1,10,66,65,66,66,0,2,1,30,25.7,24.4
1915,FCGroningen,HollandEredivisie1,10,67,69,68,66,0,5,2,27,23.2,22.6
1908,FCTwente,HollandEredivisie1,10,70,70,72,70,0,7,2,27,25.6,24.0
1903,FCUtrecht,HollandEredivisie1,10,71,73,70,71,0,7,2,30,26.7,24.9
645,FCVolendam,HollandEredivisie1,10,65,66,66,63,0,1,1,24,24.3,22.8
246,Feyenoord,HollandEredivisie1,10,74,73,74,75,0,8,4,28,24.0,22.7
634,FortunaSittard,HollandEredivisie1,10,70,74,68,70,0,4,1,26,26.6,25.1
100632,GoAheadEagles,HollandEredivisie1,10,66,63,66,67,0,2,1,27,23.4,23.3
1910,NECNijmegen,HollandEredivisie1,10,69,68,70,67,0,4,1,26,25.6,23.6
247,PSV,HollandEredivisie1,10,77,76,76,76,0,9,5,30,24.0,23.7
1905,RKCWaalwijk,HollandEredivisie1,10,66,66,65,66,0,2,1,26,26.3,25.3
647,SCCambuur,HollandEredivisie1,10,66,66,67,66,0,2,1,27,24.2,24.4
1913,SCHeerenveen,HollandEredivisie1,10,68,68,67,69,0,5,2,24,25.3,23.1
100646,SpartaRotterdam,HollandEredivisie1,10,67,65,68,66,0,3,1,30,26.9,24.4
1909,Vitesse,HollandEredivisie1,10,69,68,71,68,0,6,2,27,22.1,22.2
1874,FerencvrosiTC,HungarianNemzetiBajnoksgI1,64,71,71,72,70,0,10,4,28,27.4,27.0
113146,ATKMohunBaganFC,IndianSuperLeague1,2149,62,59,64,62,0,9,4,24,26.2,25.5
113302,BengaluruFC,IndianSuperLeague1,2149,61,64,60,60,0,7,3,28,29.0,25.8
113297,ChennaiyinFC,IndianSuperLeague1,2149,59,61,60,59,0,6,2,28,28.0,25.8
113298,FCGoa,IndianSuperLeague1,2149,59,67,59,60,0,7,3,26,27.9,24.9
113301,HyderabadFC,IndianSuperLeague1,2149,60,61,62,60,0,5,1,28,28.6,25.7
114168,JamshedpurFC,IndianSuperLeague1,2149,58,61,56,59,0,3,1,24,28.1,25.8
113299,KeralaBlastersFC,IndianSuperLeague1,2149,61,66,61,61,0,6,2,28,25.6,25.1
113300,MumbaiCityFC,IndianSuperLeague1,2149,61,67,62,61,0,8,3,26,28.3,26.4
113040,NorthEastUnitedFC,IndianSuperLeague1,2149,56,64,56,56,0,3,1,27,28.4,25.9
113257,OdishaFC,IndianSuperLeague1,2149,58,64,58,57,0,2,1,26,27.0,25.4
111629,SCEastBengalFC,IndianSuperLeague1,2149,57,63,56,57,0,5,3,23,27.8,26.8
1847,Ascoli,ItalianSerieB2,32,70,70,69,70,0,7,1,28,29.4,26.8
1848,Bari,ItalianSerieB2,32,68,69,68,67,0,9,2,28,29.4,28.2
112026,Benevento,ItalianSerieB2,32,70,70,66,70,0,8,1,28,27.2,26.2
190,Brescia,ItalianSerieB2,32,68,67,68,69,0,8,1,25,25.6,24.5
1842,Cagliari,ItalianSerieB2,32,70,72,71,69,0,9,1,27,27.2,25.2
111993,Cittadella,ItalianSerieB2,32,65,64,66,64,0,3,1,27,26.6,25.9
1745,Como,ItalianSerieB2,32,69,70,70,68,0,3,1,28,27.4,26.1
112168,Cosenza,ItalianSerieB2,32,67,73,66,66,0,2,1,28,27.7,24.5
111657,Frosinone,ItalianSerieB2,32,68,67,70,67,0,5,1,27,26.0,24.0
110556,Genoa,ItalianSerieB2,32,71,73,71,70,0,10,2,27,26.1,26.2
1744,Modena,ItalianSerieB2,32,67,68,65,67,0,4,1,28,29.2,26.5
1843,Palermo,ItalianSerieB2,32,68,68,68,68,0,8,2,28,26.9,25.1
50,Parma,ItalianSerieB2,32,70,69,71,68,0,10,3,28,28.2,24.8
199,Perugia,ItalianSerieB2,32,68,69,66,69,0,6,1,28,28.0,26.0
110738,Pisa,ItalianSerieB2,32,70,69,70,70,0,8,1,28,27.6,26.0
112791,SPAL,ItalianSerieB2,32,68,68,67,68,0,6,1,27,26.2,25.6
112494,Sdtirol,ItalianSerieB2,32,66,67,65,67,0,1,1,28,28.6,27.6
570,Ternana,ItalianSerieB2,32,68,69,67,69,0,7,1,27,28.2,27.0
203,UrbsReggina1914,ItalianSerieB2,32,68,68,71,69,0,3,1,28,30.1,26.8
205,VeneziaFC,ItalianSerieB2,32,71,73,71,70,0,7,1,28,25.9,24.9
2056,DaeguFC,KoreanKLeague11,83,65,66,64,65,0,8,4,28,26.8,25.8
982,FCSeoul,KoreanKLeague11,83,67,68,66,65,0,6,6,28,25.7,26.4
112115,GangwonFC,KoreanKLeague11,83,65,64,66,64,0,5,1,28,26.9,26.3
110765,IncheonUnitedFC,KoreanKLeague11,83,66,64,69,66,0,1,1,28,28.4,29.1
1478,JejuUnitedFC,KoreanKLeague11,83,68,68,69,65,0,7,2,28,29.4,27.4
1477,JeonbukHyundaiMotors,KoreanKLeague11,83,69,70,68,68,0,10,7,28,26.9,27.2
1474,PohangSteelers,KoreanKLeague11,83,67,65,67,66,0,7,5,28,28.7,26.4
2055,SangjuSangmuFC,KoreanKLeague11,83,63,62,63,63,0,3,1,25,26.7,25.1
981,SeongnamFC,KoreanKLeague11,83,65,65,65,63,0,2,2,28,28.9,27.6
112558,SuwonFC,KoreanKLeague11,83,65,67,67,64,0,6,1,28,29.7,28.6
983,SuwonSamsungBluewings,KoreanKLeague11,83,66,65,66,67,0,5,3,28,27.3,27.5
1473,UlsanHyundaiFC,KoreanKLeague11,83,69,69,68,70,0,10,7,28,28.0,28.5
114577,ClubAlwaysReady,LigadeFtbolProfesionalBoliviano1,2017,66,68,67,66,0,4,2,21,30.1,27.2
114600,ClubDeportivoGuabir,LigadeFtbolProfesionalBoliviano1,2017,65,67,65,64,0,1,1,27,27.4,25.1
110974,ClubDeportivoJorgeWilstermann,LigadeFtbolProfesionalBoliviano1,2017,66,65,65,63,0,7,3,25,28.6,27.9
110970,ClubDeportivoOrientePetrolero,LigadeFtbolProfesionalBoliviano1,2017,64,64,65,64,0,7,2,24,27.3,24.4
110969,ClubTheStrongest,LigadeFtbolProfesionalBoliviano1,2017,67,67,69,66,0,9,4,23,30.7,28.4
115517,IndependientePetrolero,LigadeFtbolProfesionalBoliviano1,2017,64,66,65,63,0,6,1,19,27.4,27.7
114579,RoyalPari,LigadeFtbolProfesionalBoliviano1,2017,66,66,66,64,0,3,1,22,29.3,27.0
1755,AalesundsFK,NorwegianEliteserien1,41,64,63,65,64,0,2,1,26,27.6,25.0
918,FKBodGlimt,NorwegianEliteserien1,41,69,67,70,69,0,8,2,28,25.8,24.5
1463,FKHaugesund,NorwegianEliteserien1,41,63,65,63,63,0,5,1,23,24.6,23.2
115489,FKJerv,NorwegianEliteserien1,41,62,62,62,61,0,1,1,24,24.8,24.5
1756,Hamarkameratene,NorwegianEliteserien1,41,63,64,62,62,0,2,1,26,25.6,24.7
113459,KristiansundBK,NorwegianEliteserien1,41,63,62,63,63,0,4,1,28,26.8,24.9
299,LillestrmSK,NorwegianEliteserien1,41,66,68,66,66,0,6,1,25,25.7,24.2
417,MoldeFK,NorwegianEliteserien1,41,67,69,66,68,0,10,3,28,25.8,25.6
1456,OddsBK,NorwegianEliteserien1,41,64,63,64,64,0,6,1,25,26.2,24.8
298,RosenborgBK,NorwegianEliteserien1,41,67,67,67,66,0,10,4,21,24.4,23.5
1757,SandefjordFotball,NorwegianEliteserien1,41,63,63,63,63,0,2,1,28,25.7,24.8
112199,Sarpsborg08FF,NorwegianEliteserien1,41,65,66,65,64,0,4,1,28,28.3,26.2
922,StrmsgodsetIF,NorwegianEliteserien1,41,64,63,67,64,0,5,1,25,25.8,23.2
418,TromsIL,NorwegianEliteserien1,41,63,63,65,63,0,4,1,27,26.2,23.2
300,VikingFK,NorwegianEliteserien1,41,66,68,65,66,0,6,1,26,24.9,24.0
920,VlerengaFotball,NorwegianEliteserien1,41,66,67,65,68,0,8,2,23,26.4,24.3
112716,ClubCerroPorteo,ParaguayanPrimeraDivisin1,337,69,69,70,68,0,10,6,30,28.2,25.2
111008,ClubLibertad,ParaguayanPrimeraDivisin1,337,72,72,70,72,0,9,5,28,30.9,30.0
112671,ClubNacional,ParaguayanPrimeraDivisin1,337,65,66,66,64,0,4,4,28,26.8,25.4
101108,ClubOlimpia,ParaguayanPrimeraDivisin1,337,69,68,69,69,0,9,8,29,27.0,26.0
112080,ClubSoldeAmrica,ParaguayanPrimeraDivisin1,337,63,57,66,61,0,3,2,19,27.0,25.6
116007,GeneralCaballeroJLM,ParaguayanPrimeraDivisin1,337,63,58,63,63,0,1,1,20,27.1,25.8
114688,GuaireaFC,ParaguayanPrimeraDivisin1,337,65,64,67,64,0,1,1,19,31.8,28.6
114512,Ayacucho,PeruvianPrimeraDivisin1,2020,66,67,66,66,0,3,1,28,28.3,25.5
111011,Cienciano,PeruvianPrimeraDivisin1,2020,67,67,68,67,0,6,4,26,27.4,25.5
111010,ClubAlianzaLima,PeruvianPrimeraDivisin1,2020,69,69,70,68,0,9,5,27,30.2,26.8
111013,ClubSportingCristal,PeruvianPrimeraDivisin1,2020,68,68,69,68,0,10,5,25,28.6,23.9
111334,FBCMelgar,PeruvianPrimeraDivisin1,2020,69,71,69,68,0,8,3,28,27.6,24.9
111016,SportBoys,PeruvianPrimeraDivisin1,2020,65,65,66,65,0,4,2,26,27.8,27.1
110747,Cracovia,PolishTMobileEkstraklasa1,66,65,64,65,66,0,7,3,28,24.4,24.5
420,GrnikZabrze,PolishTMobileEkstraklasa1,66,65,65,65,63,0,6,2,26,28.6,25.5
110745,JagielloniaBiaystok,PolishTMobileEkstraklasa1,66,66,66,66,66,0,8,3,28,27.9,25.3
111083,KoronaKielce,PolishTMobileEkstraklasa1,66,63,64,63,63,0,2,1,28,28.2,26.0
873,LechPozna,PolishTMobileEkstraklasa1,66,69,72,70,69,0,10,4,28,26.6,25.1
111091,LechiaGdask,PolishTMobileEkstraklasa1,66,66,69,66,65,0,8,3,26,28.4,26.1
1871,LegiaWarszawa,PolishTMobileEkstraklasa1,66,68,73,67,68,0,10,4,27,27.8,25.2
112505,MiedLegnica,PolishTMobileEkstraklasa1,66,65,64,66,64,0,2,1,26,26.3,25.0
114004,PGEFKSStalMielec,PolishTMobileEkstraklasa1,66,63,63,63,63,0,1,1,27,27.0,24.8
111086,PiastGliwice,PolishTMobileEkstraklasa1,66,67,69,66,66,0,8,3,28,27.1,26.1
110746,PogoSzczecin,PolishTMobileEkstraklasa1,66,68,67,68,67,0,9,3,28,28.4,25.2
111088,RadomiakRadom,PolishTMobileEkstraklasa1,66,65,65,65,66,0,5,1,25,27.7,25.1
114326,RakwCzstochowa,PolishTMobileEkstraklasa1,66,68,69,68,67,0,9,3,28,25.6,24.7
112511,WartaPozna,PolishTMobileEkstraklasa1,66,64,64,63,65,0,1,1,24,25.6,24.8
301,Widzewd,PolishTMobileEkstraklasa1,66,64,63,64,64,0,3,1,24,26.7,25.9
1569,WisaPock,PolishTMobileEkstraklasa1,66,65,65,66,63,0,4,1,28,27.6,24.9
110749,ZagbieLubin,PolishTMobileEkstraklasa1,66,65,65,65,65,0,7,3,28,25.7,24.9
111092,lskWrocaw,PolishTMobileEkstraklasa1,66,65,67,65,65,0,8,3,28,25.9,23.8
1898,BoavistaFC,PortugueseLigaZONSAGRES1,308,69,69,70,69,0,5,1,29,27.4,24.5
114510,CasaPia,PortugueseLigaZONSAGRES1,308,68,69,70,67,0,1,1,26,27.8,26.7
1893,ClubeSportMartimo,PortugueseLigaZONSAGRES1,308,70,72,69,71,0,5,1,30,26.8,24.7
10020,EstorilPraia,PortugueseLigaZONSAGRES1,308,69,67,69,70,0,4,1,26,24.4,23.4
112513,FCArouca,PortugueseLigaZONSAGRES1,308,68,66,69,68,0,2,1,26,26.3,25.4
1892,FCPaosdeFerreira,PortugueseLigaZONSAGRES1,308,69,68,70,68,0,5,1,27,27.4,24.7
236,FCPorto,PortugueseLigaZONSAGRES1,308,77,79,78,76,0,10,7,30,26.9,25.5
111539,FCVizela,PortugueseLigaZONSAGRES1,308,69,68,69,68,0,2,1,29,24.4,23.9
112809,FutebolClubedeFamalico,PortugueseLigaZONSAGRES1,308,70,67,70,70,0,4,1,28,24.6,23.7
518,GDChaves,PortugueseLigaZONSAGRES1,308,68,66,67,68,0,2,1,29,27.0,25.1
1888,GilVicenteFC,PortugueseLigaZONSAGRES1,308,71,73,69,70,0,4,1,29,25.4,25.0
10031,PortimonenseSC,PortugueseLigaZONSAGRES1,308,69,68,69,68,0,3,1,27,24.7,24.1
744,RioAveFC,PortugueseLigaZONSAGRES1,308,70,70,70,69,0,3,2,27,26.6,26.0
1896,SCBraga,PortugueseLigaZONSAGRES1,308,75,74,76,73,0,8,3,29,25.6,23.7
234,SLBenfica,PortugueseLigaZONSAGRES1,308,78,78,78,78,0,10,6,30,25.9,25.2
1438,SantaClara,PortugueseLigaZONSAGRES1,308,68,70,67,69,0,4,1,30,26.0,24.2
237,SportingCP,PortugueseLigaZONSAGRES1,308,78,78,76,78,0,9,4,30,26.0,23.5
1887,VitriadeGuimares,PortugueseLigaZONSAGRES1,308,70,70,70,69,0,7,2,30,24.8,23.3
305,BohemianFC,RepIrelandAirtricityLeague1,65,60,57,61,59,0,7,1,24,23.2,22.9
445,DerryCity,RepIrelandAirtricityLeague1,65,60,58,59,60,0,6,1,28,25.1,23.6
1572,DroghedaUnited,RepIrelandAirtricityLeague1,65,57,59,57,57,0,3,1,27,25.0,23.9
837,DundalkFC,RepIrelandAirtricityLeague1,65,60,62,60,60,0,9,2,22,24.0,25.8
111131,FinnHarps,RepIrelandAirtricityLeague1,65,57,55,57,57,0,2,1,26,27.1,25.6
306,ShamrockRovers,RepIrelandAirtricityLeague1,65,63,64,63,63,0,10,2,28,29.1,25.8
834,ShelbourneFC,RepIrelandAirtricityLeague1,65,58,58,57,58,0,4,1,27,24.3,22.3
563,SligoRovers,RepIrelandAirtricityLeague1,65,60,61,60,61,0,6,1,27,24.1,23.7
423,StPatricksAthletic,RepIrelandAirtricityLeague1,65,61,62,61,61,0,7,1,26,25.0,23.6
111132,UCDAFC,RepIrelandAirtricityLeague1,65,55,57,55,55,0,1,1,22,21.4,20.9
113387,AFCChindiaTrgovite,RomanianLigaI1,330,64,65,64,63,0,1,1,28,26.4,24.7
114147,AFCHermannstadt,RomanianLigaI1,330,63,63,63,65,0,2,1,23,26.4,25.6
110750,AFCUTAArad,RomanianLigaI1,330,65,65,65,65,0,5,1,28,29.0,25.6
110816,CFRCluj,RomanianLigaI1,330,69,68,69,69,0,10,4,28,28.2,27.9
113380,CSMioveni,RomanianLigaI1,330,62,62,58,63,0,1,1,28,27.8,26.8
100759,CampioniiFCArges,RomanianLigaI1,330,64,64,63,66,0,4,1,25,30.0,27.0
110752,FCBotoani,RomanianLigaI1,330,64,63,65,64,0,7,2,27,27.2,25.7
110075,FCFarulConstana,RomanianLigaI1,330,65,64,67,64,0,8,3,27,26.4,24.1
115716,FCUCraiova1948,RomanianLigaI1,330,65,65,65,66,0,6,1,28,26.7,24.8
113182,FCVoluntari,RomanianLigaI1,330,65,65,65,65,0,7,2,28,28.4,26.0
100761,FCSBSteaua,RomanianLigaI1,330,68,68,68,67,0,10,4,28,25.6,24.1
110078,PetrolulPloieti,RomanianLigaI1,330,64,63,64,64,0,3,1,28,27.6,26.8
310,RapidBucureti,RomanianLigaI1,330,67,68,66,66,0,7,2,28,28.0,25.7
113378,SepsiOSKSfGheorghe,RomanianLigaI1,330,66,66,65,65,0,8,3,27,27.0,26.1
110751,UniversitateaCluj,RomanianLigaI1,330,64,65,64,63,0,2,1,28,30.9,26.5
308,UniversitateaCraiova,RomanianLigaI1,330,68,68,68,67,0,9,3,28,28.1,26.9
113058,AbhaClub,SaudiAbdulLJameelLeague1,350,66,75,67,63,0,2,1,27,28.3,27.5
113345,AlAdalah,SaudiAbdulLJameelLeague1,350,64,66,67,60,0,1,1,30,29.1,26.7
112990,AlBatin,SaudiAbdulLJameelLeague1,350,59,54,57,59,0,1,1,26,24.4,23.5
112390,AlFateh,SaudiAbdulLJameelLeague1,350,68,69,68,66,0,6,3,30,29.8,26.7
113057,AlFayha,SaudiAbdulLJameelLeague1,350,67,70,68,62,0,4,2,30,30.6,28.3
605,AlHilal,SaudiAbdulLJameelLeague1,350,74,76,75,71,0,10,7,30,30.4,26.9
607,AlIttihad,SaudiAbdulLJameelLeague1,350,71,76,70,68,0,8,5,27,29.3,26.6
112883,AlKhaleej,SaudiAbdulLJameelLeague1,350,64,67,66,60,0,3,2,30,28.8,25.8
112139,AlNassr,SaudiAbdulLJameelLeague1,350,72,78,70,73,0,9,5,29,28.6,26.9
112392,AlRaed,SaudiAbdulLJameelLeague1,350,67,68,67,66,0,4,2,26,30.4,27.7
111674,AlShabab,SaudiAbdulLJameelLeague1,350,70,73,72,67,0,7,4,30,27.7,26.2
112393,AlTaawoun,SaudiAbdulLJameelLeague1,350,67,75,68,64,0,6,4,30,26.8,25.1
112572,AlTai,SaudiAbdulLJameelLeague1,350,65,65,67,62,0,2,1,30,28.4,26.0
112408,AlWehda,SaudiAbdulLJameelLeague1,350,66,77,67,64,0,5,3,30,31.2,27.8
113217,DamacFC,SaudiAbdulLJameelLeague1,350,67,68,70,64,0,3,1,29,29.6,26.7
112096,EttifaqFC,SaudiAbdulLJameelLeague1,350,68,68,69,66,0,6,3,28,28.6,25.6
77,Aberdeen,ScottishPremiership1,50,65,66,66,65,0,8,2,25,25.0,23.9
78,Celtic,ScottishPremiership1,50,74,73,74,73,0,10,5,28,25.6,25.2
181,DundeeUnited,ScottishPremiership1,50,66,64,65,67,0,7,2,25,27.6,25.0
80,HeartofMidlothian,ScottishPremiership1,50,70,69,69,69,0,8,3,28,26.9,26.2
81,Hibernian,ScottishPremiership1,50,67,67,66,67,0,7,2,27,25.9,24.7
82,Kilmarnock,ScottishPremiership1,50,63,64,64,62,0,3,1,28,26.8,25.8
621,LivingstonFC,ScottishPremiership1,50,64,64,65,64,0,3,1,25,27.6,26.5
83,Motherwell,ScottishPremiership1,50,65,66,64,65,0,6,1,26,27.3,25.1
86,RangersFC,ScottishPremiership1,50,74,73,74,73,0,10,5,28,27.4,26.4
631,RossCountyFC,ScottishPremiership1,50,64,62,64,64,0,2,1,24,26.1,25.2
100804,StJohnstoneFC,ScottishPremiership1,50,65,64,63,64,0,4,1,28,26.8,26.8
100805,StMirren,ScottishPremiership1,50,64,64,65,65,0,2,1,23,27.7,26.5
110929,KaizerChiefs,SouthAfricanPremierDivision1,347,68,69,63,67,0,9,6,28,26.7,26.1
110935,MamelodiSundownsFC,SouthAfricanPremierDivision1,347,70,69,70,69,0,10,5,28,27.4,28.1
110930,OrlandoPirates,SouthAfricanPremierDivision1,347,69,69,70,69,0,10,5,28,27.1,27.0
1854,AlbaceteBP,SpanishSegundaDivisin2,54,66,64,67,66,0,4,1,28,26.4,25.1
10846,BurgosCF,SpanishSegundaDivisin2,54,68,64,69,66,0,1,1,27,28.6,26.3
100888,CDLegans,SpanishSegundaDivisin2,54,69,68,70,69,0,7,1,28,29.0,26.5
110831,CDLugo,SpanishSegundaDivisin2,54,67,68,68,66,0,3,1,30,27.6,24.9
110069,CDMirands,SpanishSegundaDivisin2,54,67,66,68,64,0,3,1,28,23.0,22.8
260,CDTenerife,SpanishSegundaDivisin2,54,71,71,71,70,0,8,1,30,29.6,25.7
463,DeportivoAlavs,SpanishSegundaDivisin2,54,71,70,71,72,0,9,1,30,26.6,23.9
114554,FCAndorra,SpanishSegundaDivisin2,54,65,62,64,64,0,1,1,27,26.4,25.1
100851,FCCartagena,SpanishSegundaDivisin2,54,69,67,70,69,0,4,1,30,30.8,27.1
110832,GranadaCF,SpanishSegundaDivisin2,54,74,76,75,71,0,9,1,30,28.6,26.4
1853,LevanteUninDeportiva,SpanishSegundaDivisin2,54,73,73,75,72,0,9,1,27,27.9,25.7
573,MlagaCF,SpanishSegundaDivisin2,54,69,71,68,68,0,8,1,30,29.4,26.9
456,RacingSantander,SpanishSegundaDivisin2,54,68,67,67,69,0,5,1,28,27.4,25.4
110827,RealOviedo,SpanishSegundaDivisin2,54,70,74,71,69,0,6,1,30,28.6,24.6
459,RealSportingdeGijn,SpanishSegundaDivisin2,54,69,69,69,70,0,7,1,30,26.6,24.6
244,RealZaragoza,SpanishSegundaDivisin2,54,70,66,68,70,0,7,2,30,26.2,25.1
467,SDEibar,SpanishSegundaDivisin2,54,72,72,71,71,0,8,1,26,29.0,27.0
110839,SDHuesca,SpanishSegundaDivisin2,54,69,68,69,67,0,6,1,30,27.7,25.3
2023,SDPonferradina,SpanishSegundaDivisin2,54,69,68,69,68,0,6,1,25,27.6,26.1
113981,UDIbiza,SpanishSegundaDivisin2,54,68,68,67,69,0,2,1,28,25.9,25.8
472,UninDeportivaLasPalmas,SpanishSegundaDivisin2,54,72,71,73,71,0,8,1,28,27.2,25.2
110902,VillarrealClubdeFtbolB,SpanishSegundaDivisin2,54,65,67,65,65,0,1,1,30,22.2,21.3
433,AIK,SwedishAllsvenskan1,56,67,70,66,68,0,9,2,22,29.6,26.3
711,BKHcken,SwedishAllsvenskan1,56,66,66,67,65,0,7,1,25,27.4,24.8
113892,DegerforsIF,SwedishAllsvenskan1,56,62,61,62,62,0,1,1,24,24.8,25.8
710,DjurgrdensIF,SwedishAllsvenskan1,56,68,68,68,68,0,9,1,23,27.6,26.4
1596,GIFSundsvall,SwedishAllsvenskan1,56,63,63,62,64,0,2,1,23,28.7,25.4
708,HammarbyIF,SwedishAllsvenskan1,56,68,69,68,67,0,8,1,26,26.9,25.2
432,HelsingborgsIF,SwedishAllsvenskan1,56,63,63,63,62,0,2,1,28,26.1,25.2
700,IFElfsborg,SwedishAllsvenskan1,56,67,66,64,69,0,6,1,27,26.8,23.5
319,IFKGteborg,SwedishAllsvenskan1,56,66,70,65,65,0,7,1,27,28.6,24.6
702,IFKNorrkping,SwedishAllsvenskan1,56,66,68,67,65,0,8,1,28,27.6,24.8
112126,IFKVrnamo,SwedishAllsvenskan1,56,62,65,62,62,0,1,1,28,26.0,23.8
113458,IKSirius,SwedishAllsvenskan1,56,63,64,64,63,0,3,1,26,26.2,24.5
1439,KalmarFF,SwedishAllsvenskan1,56,64,63,65,63,0,3,1,24,27.6,25.4
320,MalmFF,SwedishAllsvenskan1,56,70,70,72,69,0,10,4,28,30.3,27.2
112072,MjllbyAIF,SwedishAllsvenskan1,56,62,62,63,61,0,2,1,24,24.8,24.4
113743,VarbergsBoISFC,SwedishAllsvenskan1,56,62,62,62,62,0,1,1,28,27.8,25.2
900,BSCYoungBoys,SwissSuperLeague1,189,71,73,71,69,0,10,5,27,25.2,24.0
896,FCBasel1893,SwissSuperLeague1,189,69,69,68,68,0,8,6,28,25.1,23.6
10032,FCLugano,SwissSuperLeague1,189,67,68,68,66,0,4,2,28,27.7,24.4
897,FCLuzern,SwissSuperLeague1,189,67,66,66,67,0,6,3,28,25.7,24.0
110770,FCSion,SwissSuperLeague1,189,68,77,67,64,0,6,3,27,27.2,25.7
898,FCStGallen1879,SwissSuperLeague1,189,66,66,64,65,0,6,4,28,24.2,23.1
1713,FCWinterthur,SwissSuperLeague1,189,63,65,63,61,0,3,1,27,25.3,24.1
894,FCZrich,SwissSuperLeague1,189,69,69,71,67,0,6,3,25,27.9,25.5
322,GrasshopperClubZrich,SwissSuperLeague1,189,66,63,67,66,0,4,3,26,25.4,24.0
324,ServetteFC,SwissSuperLeague1,189,68,69,67,67,0,5,3,28,28.1,24.8
101016,AdanaDemirspor,TurkishSperLig1,68,72,74,71,74,0,2,1,30,30.4,27.5
741,Antalyaspor,TurkishSperLig1,68,72,71,73,70,0,5,3,26,30.1,28.1
101028,AtakaHatayspor,TurkishSperLig1,68,69,71,68,70,0,1,1,28,28.9,27.1
113142,AytemizAlanyaspor,TurkishSperLig1,68,71,73,70,68,0,2,1,29,26.9,25.0
327,BeiktaJK,TurkishSperLig1,68,74,75,74,74,0,8,6,25,27.3,26.1
101041,DemirGrupSivasspor,TurkishSperLig1,68,70,70,71,67,0,5,2,27,30.4,28.6
111117,FatihKaragmrkSK,TurkishSperLig1,68,70,71,71,69,0,1,1,28,28.8,25.9
326,FenerbaheSK,TurkishSperLig1,68,75,76,75,75,0,9,6,27,27.3,25.9
112120,GZTGiresunspor,TurkishSperLig1,68,67,68,67,67,0,2,1,25,26.6,25.2
325,GalatasaraySK,TurkishSperLig1,68,76,79,76,74,0,10,7,28,27.4,25.4
110776,GaziehirGaziantepFK,TurkishSperLig1,68,69,68,70,69,0,3,1,27,28.6,26.0
111339,KasimpaaSK,TurkishSperLig1,68,70,73,70,69,0,4,3,25,28.4,27.6
101007,MKEAnkaragc,TurkishSperLig1,68,71,71,72,70,0,4,2,30,27.6,26.9
436,Trabzonspor,TurkishSperLig1,68,76,75,77,75,0,6,5,30,27.6,26.0
101020,YukatelKayserispor,TurkishSperLig1,68,69,72,70,68,0,4,2,26,28.4,27.0
113796,mraniyespor,TurkishSperLig1,68,67,67,66,67,0,1,1,27,30.4,27.4
101014,stanbulBaakehirFK,TurkishSperLig1,68,73,76,73,72,0,8,5,25,29.0,28.2
746,stanbulspor,TurkishSperLig1,68,64,64,65,62,0,2,1,25,25.7,25.2
101033,ttifakHoldingKonyaspor,TurkishSperLig1,68,69,71,68,69,0,6,3,26,27.8,27.2
111701,AlAinFC,UAEArabianGulfLeague1,2013,69,76,69,68,0,9,6,28,26.4,25.2
112885,AtlantaUnited,USAMajorLeagueSoccer1,39,71,71,70,68,0,8,5,30,24.9,25.1
114161,AustinFC,USAMajorLeagueSoccer1,39,69,68,71,66,0,3,1,27,28.1,26.1
114640,CharlotteFC,USAMajorLeagueSoccer1,39,68,70,64,69,0,1,1,30,27.3,24.8
693,ChicagoFireFootballClub,USAMajorLeagueSoccer1,39,67,70,70,66,0,5,1,28,25.9,23.8
111139,ClubdeFootMontral,USAMajorLeagueSoccer1,39,69,69,69,69,0,4,4,30,27.3,24.1
694,ColoradoRapids,USAMajorLeagueSoccer1,39,68,71,70,66,0,4,1,30,28.6,25.8
687,ColumbusCrew,USAMajorLeagueSoccer1,39,70,75,70,70,0,6,2,29,28.3,26.9
688,DCUnited,USAMajorLeagueSoccer1,39,69,71,69,66,0,5,3,30,27.6,26.2
113149,FCCincinnati,USAMajorLeagueSoccer1,39,68,68,71,66,0,1,1,29,26.0,25.7
695,FCDallas,USAMajorLeagueSoccer1,39,69,72,70,68,0,5,2,29,24.7,24.2
698,HoustonDynamo,USAMajorLeagueSoccer1,39,68,68,71,66,0,6,2,28,28.8,25.5
112893,InterMiamiCF,USAMajorLeagueSoccer1,39,68,71,68,66,0,3,3,30,27.0,25.2
697,LAGalaxy,USAMajorLeagueSoccer1,39,69,75,69,68,0,9,6,30,28.6,26.0
112996,LosAngelesFC,USAMajorLeagueSoccer1,39,74,79,73,73,0,8,2,28,28.9,25.6
111138,MinnesotaUnitedFC,USAMajorLeagueSoccer1,39,70,68,71,67,0,3,1,30,27.8,26.3
114162,NashvilleSC,USAMajorLeagueSoccer1,39,69,70,69,71,0,2,2,27,28.8,27.2
691,NewEnglandRevolution,USAMajorLeagueSoccer1,39,69,73,68,70,0,5,3,30,26.9,25.8
112828,NewYorkCityFC,USAMajorLeagueSoccer1,39,70,70,69,69,0,10,5,25,26.1,25.3
689,NewYorkRedBulls,USAMajorLeagueSoccer1,39,69,63,69,70,0,8,4,28,22.9,22.3
112606,OrlandoCitySoccerClub,USAMajorLeagueSoccer1,39,69,73,69,67,0,6,5,29,27.3,25.1
112134,PhiladelphiaUnion,USAMajorLeagueSoccer1,39,70,70,70,69,0,6,2,27,26.3,23.6
111140,PortlandTimbers,USAMajorLeagueSoccer1,39,70,70,71,68,0,7,3,29,28.1,26.1
111065,RealSaltLake,USAMajorLeagueSoccer1,39,68,70,66,66,0,6,4,30,27.3,25.8
111928,SanJoseEarthquakes,USAMajorLeagueSoccer1,39,69,71,69,68,0,4,2,29,25.2,24.8
111144,SeattleSoundersFC,USAMajorLeagueSoccer1,39,71,71,71,70,0,8,4,27,27.3,25.7
696,SportingKansasCity,USAMajorLeagueSoccer1,39,68,61,71,66,0,7,2,27,28.7,26.3
111651,TorontoFC,USAMajorLeagueSoccer1,39,69,75,69,68,0,7,4,27,29.2,25.7
101112,VancouverWhitecapsFC,USAMajorLeagueSoccer1,39,69,67,71,67,0,5,2,30,25.7,25.2
101047,DynamoKyiv,UkrainianPremierLeague1,332,73,70,75,72,0,10,6,28,25.9,24.9
101059,ShakhtarDonetsk,UkrainianPremierLeague1,332,71,69,72,71,0,10,7,26,23.7,24.1
115536,CerroLargoFtbolClub,UruguayanPrimeraDivisin1,338,66,66,65,66,0,2,1,23,25.9,25.6
101110,ClubAtlticoPearol,UruguayanPrimeraDivisin1,338,67,68,67,66,0,9,8,22,28.1,25.1
112184,ClubAtlticoRiverPlate,UruguayanPrimeraDivisin1,338,66,66,67,67,0,5,2,26,27.6,24.8
111325,ClubNacionaldeFootball,UruguayanPrimeraDivisin1,338,71,74,70,70,0,10,8,28,26.6,25.9
111326,LiverpoolFtbolClub,UruguayanPrimeraDivisin1,338,66,67,66,66,0,7,2,24,24.3,22.7
111001,MontevideoWanderers,UruguayanPrimeraDivisin1,338,65,64,66,66,0,6,3,24,25.3,24.1
110989,CaracasFtbolClub,VenezuelanPrimeraDivisin1,2019,66,66,65,66,0,9,3,27,25.6,23.6
112853,DeportivoLaGuairaFC,VenezuelanPrimeraDivisin1,2019,65,64,65,65,0,7,1,29,25.2,22.4
110990,DeportivoTchiraFC,VenezuelanPrimeraDivisin1,2019,65,66,66,65,0,10,4,30,27.6,25.5
111332,EstudiantesdeMrida,VenezuelanPrimeraDivisin1,2019,65,64,65,64,0,5,2,29,31.8,26.3
115694,HermanosColmenarez,VenezuelanPrimeraDivisin1,2019,65,66,64,65,0,2,1,27,28.4,27.7
112914,MetropolitanosdeCaracasFC,VenezuelanPrimeraDivisin1,2019,65,65,66,65,0,6,1,30,26.7,26.3
